title,D,d_D,mod_f,mod_ampl
calibrated_error00001_filtered,-0.0942649858258852,0.0029324499177052167,50,510
calibrated_error00002_filtered,-0.06697604622753531,0.00217980398676888,40,310
calibrated_error00003_filtered,0.045065041180901794,0.0013331096167165546,30,250
calibrated_error00004_filtered,-0.06271697790754273,0.003492255864174518,20,150
