title,D,d_D,mod_f,mod_ampl
calibrated_error00011_filtered,-0.05786656549909158,0.002784313417567908,40,360
calibrated_error00012_filtered,-0.06758536625131362,0.002548690280194148,40,300
calibrated_error00013_filtered,-0.2616971725586997,0.01801412342395721,40,250
calibrated_error00014_filtered,-0.0582363467438881,0.0022462780486643473,40,200
calibrated_error00015_filtered,-0.12630110756067428,0.008770669004431231,40,140
calibrated_error00017_filtered,-0.09255538454833535,0.004511629994826323,40,400
calibrated_error00018_filtered,-0.06364381370119897,0.003482124888492789,40,450
